metric,emotion,n_units,mean_persona_share,mean_temperature_share,mean_interaction_burden,mean_separability_share
H_norm_sigmoid_s_v1,anger,18,0.610205001,0.107258666,0.282550667,0.717449333
H_norm_sigmoid_s_v1,interest,18,0.81661386,0.048332239,0.135054167,0.864945833
H_norm_sigmoid_s_v1,sadness,18,0.870591902,0.033827062,0.095581,0.904419
H_norm_sigmoid_s_v1,surprise,18,0.733133084,0.06865037,0.198217222,0.801782778
score,anger,18,0.808339565,0.060005109,0.131655278,0.868344722
score,interest,18,0.936769155,0.01769086,0.04554,0.95446
score,sadness,18,0.953340768,0.012521654,0.034137611,0.965862389
score,surprise,18,0.900213073,0.029799879,0.069986944,0.930013056
